{
    "Ar36": {
        "error": 8.360596145860252e-05, 
        "filter_outliers_dict": {
            "filter_outliers": true, 
            "iterations": 1, 
            "std_devs": 2
        }, 
        "fit": "Parabolic", 
        "value": 0.0006440230913574278
    }, 
    "Ar37": {
        "error": 0.004088364114007621, 
        "filter_outliers_dict": {
            "filter_outliers": true, 
            "iterations": 1, 
            "std_devs": 2
        }, 
        "fit": "linear", 
        "value": 0.1566899261323023
    }, 
    "Ar38": {
        "error": 0.0017440685242845774, 
        "filter_outliers_dict": {
            "filter_outliers": true, 
            "iterations": 1, 
            "std_devs": 2
        }, 
        "fit": "linear", 
        "value": 0.011618226741666354
    }, 
    "Ar39": {
        "error": 0.0069664909809021075, 
        "filter_outliers_dict": {
            "filter_outliers": true, 
            "iterations": 1, 
            "std_devs": 2
        }, 
        "fit": "Parabolic", 
        "value": 0.06542863389965434
    }, 
    "Ar40": {
        "error": 0.005987028181542422, 
        "filter_outliers_dict": {
            "filter_outliers": true, 
            "iterations": 1, 
            "std_devs": 2
        }, 
        "fit": "Parabolic", 
        "value": 0.11771699127545335
    }, 
    "Ar41": {
        "error": 0.004477717074721654, 
        "filter_outliers_dict": {
            "filter_outliers": true, 
            "iterations": 1, 
            "std_devs": 2
        }, 
        "fit": "linear", 
        "value": 0.07223238848017703
    }
}