{
    "AX": {
        "error": 0.003325020416905552, 
        "filter_outliers_dict": {
            "filter_outliers": true, 
            "iterations": 1, 
            "std_devs": 2
        }, 
        "fit": "average", 
        "value": 0.049963141600369645
    }, 
    "CDD": {
        "error": 2.9045616315111432e-06, 
        "filter_outliers_dict": {
            "filter_outliers": true, 
            "iterations": 1, 
            "std_devs": 10
        }, 
        "fit": "average", 
        "value": 1.0842278341008327e-05
    }, 
    "H1": {
        "error": 0.002545990403071843, 
        "filter_outliers_dict": {
            "filter_outliers": true, 
            "iterations": 1, 
            "std_devs": 2
        }, 
        "fit": "average", 
        "value": -0.038729571279334234
    }, 
    "H2": {
        "error": 0.0032233814256402184, 
        "filter_outliers_dict": {
            "filter_outliers": true, 
            "iterations": 1, 
            "std_devs": 2
        }, 
        "fit": "average", 
        "value": 0.07790018782846553
    }, 
    "L1": {
        "error": 0.0016146203967464833, 
        "filter_outliers_dict": {
            "filter_outliers": true, 
            "iterations": 1, 
            "std_devs": 2
        }, 
        "fit": "average", 
        "value": -0.00028629259788184554
    }, 
    "L2": {
        "error": 0.0030517268874840162, 
        "filter_outliers_dict": {
            "filter_outliers": true, 
            "iterations": 1, 
            "std_devs": 2
        }, 
        "fit": "average", 
        "value": 0.13895784520718943
    }
}