{
    "Ar36": {
        "error": 0.000786814810878936, 
        "filter_outliers_dict": {
            "filter_outliers": true, 
            "iterations": 1, 
            "std_devs": 2
        }, 
        "fit": "Parabolic", 
        "value": 0.19507842689525132
    }, 
    "Ar37": {
        "error": 0.00444993255654889, 
        "filter_outliers_dict": {
            "filter_outliers": true, 
            "iterations": 1, 
            "std_devs": 2
        }, 
        "fit": "linear", 
        "value": 0.16580237324091868
    }, 
    "Ar38": {
        "error": 0.002185784354965061, 
        "filter_outliers_dict": {
            "filter_outliers": true, 
            "iterations": 1, 
            "std_devs": 2
        }, 
        "fit": "linear", 
        "value": 0.038489932749194065
    }, 
    "Ar39": {
        "error": 0.007993389390592832, 
        "filter_outliers_dict": {
            "filter_outliers": true, 
            "iterations": 1, 
            "std_devs": 2
        }, 
        "fit": "Parabolic", 
        "value": 0.08358627813683757
    }, 
    "Ar40": {
        "error": 0.011328497894489434, 
        "filter_outliers_dict": {
            "filter_outliers": true, 
            "iterations": 1, 
            "std_devs": 2
        }, 
        "fit": "Parabolic", 
        "value": 59.092116086642854
    }, 
    "Ar41": {
        "error": 0.0054273462111364594, 
        "filter_outliers_dict": {
            "filter_outliers": true, 
            "iterations": 1, 
            "std_devs": 2
        }, 
        "fit": "linear", 
        "value": 0.08025561961179674
    }
}