{
    "Ar36": {
        "error": 0.0007803743643102079, 
        "filter_outliers_dict": {
            "filter_outliers": true, 
            "iterations": 1, 
            "std_devs": 2
        }, 
        "fit": "Parabolic", 
        "value": 0.3533827214855098
    }, 
    "Ar37": {
        "error": 0.0041766489298828095, 
        "filter_outliers_dict": {
            "filter_outliers": true, 
            "iterations": 1, 
            "std_devs": 2
        }, 
        "fit": "linear", 
        "value": 0.12794618637384564
    }, 
    "Ar38": {
        "error": 0.001763014737867931, 
        "filter_outliers_dict": {
            "filter_outliers": true, 
            "iterations": 1, 
            "std_devs": 2
        }, 
        "fit": "linear", 
        "value": 0.12770287136160283
    }, 
    "Ar39": {
        "error": 0.007067804042957629, 
        "filter_outliers_dict": {
            "filter_outliers": true, 
            "iterations": 1, 
            "std_devs": 2
        }, 
        "fit": "Parabolic", 
        "value": -0.006200331768486094
    }, 
    "Ar40": {
        "error": 0.011634489126644776, 
        "filter_outliers_dict": {
            "filter_outliers": true, 
            "iterations": 1, 
            "std_devs": 2
        }, 
        "fit": "Parabolic", 
        "value": 100.54353852296917
    }, 
    "Ar41": {
        "error": 0.004258447759282834, 
        "filter_outliers_dict": {
            "filter_outliers": true, 
            "iterations": 1, 
            "std_devs": 2
        }, 
        "fit": "linear", 
        "value": 0.19151405465957377
    }
}